slot,player,pos,team,opponent,kickoff_utc,mean,floor,ceiling,salary,depth,depth_source,source,injury,unavailable,review
QB,Dak Prescott,QB,DAL,TB,2026-10-09 00:15,20.9,13.75,33.96,37.0,1.0,Sleeper depth chart,Sleeper half-PPR projection (2026 week 5),,,ok
RB,James Cook III,RB,BUF,LA,2026-10-13 00:15,14.8,8.11,26.91,35.0,1.0,Sleeper depth chart,Sleeper half-PPR projection (2026 week 5),,,ok
RB,Jaylen Warren,RB,PIT,IND,2026-10-11 17:00,13.67,7.49,24.86,28.0,1.0,Sleeper depth chart,Sleeper half-PPR projection (2026 week 5),,,ok
WR,Jaylen Waddle,WR,DEN,LAC,2026-10-11 20:05,10.04,5.4,18.43,23.0,1.0,Sleeper depth chart,Sleeper half-PPR projection (2026 week 5),,,ok
WR,Jameson Williams,WR,DET,ARI,2026-10-11 20:25,10.0,4.79,19.34,19.0,2.0,Sleeper depth chart,Sleeper half-PPR projection (2026 week 5),,,ok
TE,Harold Fannin Jr,TE,CLE,NYJ,2026-10-11 17:00,8.71,3.91,17.29,20.0,1.0,Sleeper depth chart,Sleeper half-PPR projection (2026 week 5),,,ok
K,Brandon Aubrey,K,DAL,TB,,9.41,5.55,16.42,,1.0,Sleeper depth chart,Sleeper half-PPR projection (2026 week 5),,,ok
DEF,Denver Broncos,DEF,DEN,LAC,2026-10-11 20:05,8.31,3.51,16.84,17.0,1.0,Sleeper projection order,Sleeper half-PPR projection (2026 week 5),,,ok
FLEX,Ollie Gordon II,RB,MIA,CIN,2026-10-11 17:00,11.64,6.38,21.17,18.0,1.0,Sleeper depth chart,Sleeper half-PPR projection (2026 week 5),,,ok
BENCH,Geno Smith,QB,NYJ,CLE,2026-10-11 17:00,13.97,9.19,22.7,23.0,1.0,Sleeper depth chart,Sleeper half-PPR projection (2026 week 5),,,ok
BENCH,Tee Higgins,WR,CIN,MIA,2026-10-11 17:00,9.94,4.77,19.22,33.0,2.0,Sleeper depth chart,Sleeper half-PPR projection (2026 week 5),Questionable,,injury Questionable
BENCH,Los Angeles Rams,DEF,LA,BUF,2026-10-13 00:15,5.93,2.5,12.02,13.0,1.0,Sleeper projection order,Sleeper half-PPR projection (2026 week 5),,,ok
BENCH,Malachi Fields,WR,NYG,WAS,2026-10-11 17:00,4.5,2.16,8.7,12.0,2.0,Sleeper depth chart,Sleeper half-PPR projection (2026 week 5),,,ok
BENCH,CJ Donaldson,RB,NO,MIN,2026-10-11 17:00,2.6,0.92,5.54,10.0,3.0,Sleeper depth chart,Sleeper half-PPR projection (2026 week 5),,,depth 3
BENCH,Emmett Johnson,RB,KC,,,0.0,,,,2.0,Sleeper depth chart,No weekly projection; bye or unmatched player,,not projected this week,no weekly projection/bye
BENCH,Terrance Ferguson,TE,LA,BUF,,0.0,,,,5.0,Sleeper depth chart,No weekly projection; bye or unmatched player,IR,not projected this week,no weekly projection/bye; injury IR; depth 5
BENCH,Breece Hall,RB,NYJ,CLE,,0.0,,,,3.0,Sleeper depth chart,No weekly projection; bye or unmatched player,Doubtful,not projected this week,no weekly projection/bye; injury Doubtful; depth 3
