Position,Rank,Player,Team,Opponent,Estimated FP,Yahoo FPPG,Salary,FP / salary,Depth,Kickoff UTC,Projection method
QB,1,Jaxson Dart,NYG,DAL,21.76,17.61,35,0.622,1,2026-09-14 00:20,market good: Bovada+Underdog
QB,2,Justin Herbert,LAC,ARI,21.0,18.23,35,0.6,1,2026-09-13 20:25,market good: Bovada+Underdog
QB,3,Lamar Jackson,BAL,IND,20.74,17.07,36,0.576,1,2026-09-13 17:00,market good: Bovada+Underdog
QB,4,Joe Burrow,CIN,TB,20.43,17.43,38,0.538,1,2026-09-13 17:00,market good: Bovada+Underdog
QB,5,Jalen Hurts,PHI,WAS,19.86,18.66,36,0.552,1,2026-09-13 20:25,market good: Bovada+Underdog
QB,6,Josh Allen,BUF,HOU,19.84,23.82,39,0.509,1,2026-09-13 17:00,market fair: Bovada+Underdog
QB,7,Trevor Lawrence,JAC,CLE,18.65,20.64,37,0.504,1,2026-09-13 17:00,market good: Bovada+Underdog
QB,8,Caleb Williams,CHI,CAR,18.65,19.36,37,0.504,1,2026-09-13 17:00,market good: Bovada+Underdog
QB,9,Jared Goff,DET,NO,18.58,17.94,35,0.531,1,2026-09-13 17:00,market good: Bovada+Underdog
QB,10,Brock Purdy,SF,LA,18.37,19.32,27,0.68,1,2026-09-11 00:35,market good: Bovada+Underdog
QB,11,Dak Prescott,DAL,NYG,18.03,19.05,36,0.501,1,2026-09-14 00:20,market good: Bovada+Underdog
QB,12,Baker Mayfield,TB,CIN,17.9,16.64,33,0.542,1,2026-09-13 17:00,market good: Bovada+Underdog
QB,13,Jayden Daniels,WAS,PHI,17.77,16.75,32,0.555,1,2026-09-13 20:25,market good: Bovada+Underdog
QB,14,Kyler Murray,MIN,GB,17.73,16.16,30,0.591,1,2026-09-13 20:25,market good: Bovada+Underdog
QB,15,Jordan Love,GB,MIN,17.69,16.95,34,0.52,1,2026-09-13 20:25,market good: Bovada+Underdog
QB,16,Tyler Shough,NO,DET,17.48,14.91,30,0.583,1,2026-09-13 17:00,market good: Bovada+Underdog
QB,17,Matthew Stafford,LA,SF,17.47,21.02,35,0.499,1,2026-09-11 00:35,market good: Bovada+Underdog
QB,18,Drake Maye,NE,SEA,17.44,20.4,34,0.513,1,2026-09-10 00:20,market good: Bovada+Underdog
QB,19,Patrick Mahomes,KC,DEN,16.84,21.16,33,0.51,1,2026-09-15 00:15,market good: Underdog
QB,20,Bryce Young,CAR,CHI,16.74,14.76,27,0.62,1,2026-09-13 17:00,market good: Bovada+Underdog
QB,21,Malik Willis,MIA,LV,16.46,12.79,24,0.686,1,2026-09-13 20:25,market good: Bovada+Underdog
QB,22,Daniel Jones,IND,BAL,16.2,18.03,30,0.54,1,2026-09-13 17:00,market good: Bovada+Underdog
QB,23,Sam Darnold,SEA,NE,16.07,14.88,29,0.554,1,2026-09-10 00:20,market good: Bovada+Underdog
QB,24,Bo Nix,DEN,KC,15.76,18.94,32,0.492,1,2026-09-15 00:15,market good: Underdog
QB,25,C.J. Stroud,HOU,BUF,15.41,14.69,29,0.531,1,2026-09-13 17:00,market good: Bovada+Underdog
RB,1,De'Von Achane,MIA,LV,23.84,18.08,36,0.662,1,2026-09-13 20:25,market good: Bovada+Underdog
RB,2,Jahmyr Gibbs,DET,NO,21.54,19.32,40,0.538,1,2026-09-13 17:00,market good: Bovada+Underdog
RB,3,Bijan Robinson,ATL,PIT,19.36,19.49,40,0.484,1,2026-09-13 17:00,market good: Bovada+Underdog
RB,4,Christian McCaffrey,SF,LA,18.23,21.15,39,0.467,1,2026-09-11 00:35,market good: Bovada+Underdog
RB,5,Chase Brown,CIN,TB,17.73,14.59,37,0.479,1,2026-09-13 17:00,market good: Bovada+Underdog
RB,6,Jonathan Taylor,IND,BAL,17.1,19.96,37,0.462,1,2026-09-13 17:00,market good: Bovada+Underdog
RB,7,Saquon Barkley,PHI,WAS,15.62,13.44,34,0.459,1,2026-09-13 20:25,market good: Bovada+Underdog
RB,8,Javonte Williams,DAL,NYG,15.3,14.08,29,0.528,1,2026-09-14 00:20,market good: Bovada+Underdog
RB,9,Derrick Henry,BAL,IND,15.28,16.0,38,0.402,1,2026-09-13 17:00,market good: Bovada+Underdog
RB,10,Omarion Hampton,LAC,ARI,14.83,11.96,29,0.511,1,2026-09-13 20:25,market good: Bovada+Underdog
RB,11,Ashton Jeanty,LV,MIA,14.74,12.8,33,0.447,1,2026-09-13 20:25,market good: Bovada+Underdog
RB,12,James Cook III,BUF,HOU,14.46,16.05,31,0.466,1,2026-09-13 17:00,market good: Bovada+Underdog
RB,13,D'Andre Swift,CHI,CAR,14.27,13.08,28,0.51,1,2026-09-13 17:00,market good: Bovada+Underdog
RB,14,Kenneth Walker III,KC,DEN,14.25,12.33,35,0.407,1,2026-09-15 00:15,market good: Underdog
RB,15,Breece Hall,NYJ,TEN,13.91,11.85,27,0.515,1,2026-09-13 17:00,market good: Bovada+Underdog
RB,16,Kyren Williams,LA,SF,13.45,14.93,36,0.374,1,2026-09-11 00:35,market good: Bovada+Underdog
RB,17,Bucky Irving,TB,CIN,13.23,12.35,25,0.529,1,2026-09-13 17:00,market good: Bovada+Underdog
RB,18,Jordan Mason,MIN,GB,13.22,7.62,16,0.826,2,2026-09-13 20:25,market good: Bovada+Underdog
RB,19,Travis Etienne Jr.,NO,DET,13.13,14.22,30,0.438,1,2026-09-13 17:00,market good: Bovada+Underdog
RB,20,Cam Skattebo,NYG,DAL,11.79,14.46,31,0.38,1,2026-09-14 00:20,market good: Bovada+Underdog
RB,21,Jaylen Warren,PIT,ATL,11.52,11.9,27,0.427,1,2026-09-13 17:00,market good: Bovada+Underdog
RB,22,David Montgomery,HOU,BUF,11.51,9.11,20,0.576,1,2026-09-13 17:00,market good: Bovada+Underdog
RB,23,Rhamondre Stevenson,NE,SEA,11.48,11.62,26,0.442,1,2026-09-10 00:20,market good: Bovada+Underdog
RB,24,MarShawn Lloyd,GB,MIN,11.33,0.0,10,1.133,1,2026-09-13 20:25,market good: Bovada+Underdog
RB,25,Quinshon Judkins,CLE,JAC,11.3,11.2,24,0.471,1,2026-09-13 17:00,market good: Bovada+Underdog
WR,1,Malik Nabers,NYG,DAL,18.13,12.02,26,0.697,1,2026-09-14 00:20,market good: Bovada+Underdog
WR,2,Ja'Marr Chase,CIN,TB,16.84,15.69,39,0.432,1,2026-09-13 17:00,market good: Bovada+Underdog
WR,3,Puka Nacua,LA,SF,16.47,19.79,38,0.433,1,2026-09-11 00:35,market good: Bovada+Underdog
WR,4,Amon-Ra St. Brown,DET,NO,15.62,15.62,38,0.411,1,2026-09-13 17:00,market good: Bovada+Underdog
WR,5,Jaxon Smith-Njigba,SEA,NE,15.49,17.04,35,0.443,1,2026-09-10 00:20,market good: Bovada+Underdog
WR,6,CeeDee Lamb,DAL,NYG,14.43,11.67,29,0.498,1,2026-09-14 00:20,market good: Bovada+Underdog
WR,7,Chris Olave,NO,DET,14.21,13.69,34,0.418,1,2026-09-13 17:00,market good: Bovada+Underdog
WR,8,Justin Jefferson,MIN,GB,13.71,9.38,28,0.49,1,2026-09-13 20:25,market good: Bovada+Underdog
WR,9,Nico Collins,HOU,BUF,12.71,12.14,27,0.471,1,2026-09-13 17:00,market good: Bovada+Underdog
WR,10,George Pickens,DAL,NYG,12.62,14.44,27,0.467,2,2026-09-14 00:20,market good: Bovada+Underdog
WR,11,Tee Higgins,CIN,TB,12.53,12.14,33,0.38,2,2026-09-13 17:00,market good: Bovada+Underdog
WR,12,Zay Flowers,BAL,IND,12.26,11.78,33,0.372,1,2026-09-13 17:00,market good: Bovada+Underdog
WR,13,Stefon Diggs,WAS,PHI,12.23,9.13,18,0.679,2,2026-09-13 20:25,market good: Bovada+Underdog
WR,14,DeVonta Smith,PHI,WAS,12.21,9.68,27,0.452,1,2026-09-13 20:25,market good: Bovada+Underdog
WR,15,Rashee Rice,KC,DEN,12.11,15.45,29,0.418,1,2026-09-15 00:15,market good: Underdog
WR,16,A.J. Brown,NE,SEA,11.82,11.58,26,0.455,1,2026-09-10 00:20,market good: Bovada+Underdog
WR,17,Drake London,ATL,PIT,11.79,13.99,32,0.368,1,2026-09-13 17:00,market good: Bovada+Underdog
WR,18,Garrett Wilson,NYJ,TEN,11.5,11.64,25,0.46,1,2026-09-13 17:00,market good: Bovada+Underdog
WR,19,Tetairoa McMillan,CAR,CHI,11.37,10.39,25,0.455,1,2026-09-13 17:00,market good: Bovada+Underdog
WR,20,Jameson Williams,DET,NO,11.36,11.02,27,0.421,2,2026-09-13 17:00,market good: Bovada+Underdog
WR,21,Ladd McConkey,LAC,ARI,11.26,8.98,24,0.469,1,2026-09-13 20:25,market good: Bovada+Underdog
WR,22,Luther Burden III,CHI,CAR,11.1,6.68,22,0.505,2,2026-09-13 17:00,market good: Bovada+Underdog
WR,23,Emeka Egbuka,TB,CIN,10.89,9.66,20,0.544,1,2026-09-13 17:00,market good: Bovada+Underdog
WR,24,Jaylen Waddle,DEN,KC,10.68,10.13,21,0.509,1,2026-09-15 00:15,market good: Underdog
WR,25,Davante Adams,LA,SF,10.51,13.11,27,0.389,2,2026-09-11 00:35,market good: Bovada+Underdog
TE,1,Brock Bowers,LV,MIA,12.09,12.02,26,0.465,1,2026-09-13 20:25,market good: Bovada+Underdog
TE,2,Trey McBride,ARI,LAC,11.68,14.88,28,0.417,1,2026-09-13 20:25,market good: Bovada+Underdog
TE,3,Dalton Schultz,HOU,BUF,10.83,7.64,14,0.774,1,2026-09-13 17:00,market good: Bovada+Underdog
TE,4,Colston Loveland,CHI,CAR,10.34,9.08,22,0.47,1,2026-09-13 17:00,market good: Bovada+Underdog
TE,5,Sam LaPorta,DET,NO,9.37,9.66,21,0.446,1,2026-09-13 17:00,market good: Bovada+Underdog
TE,6,Tucker Kraft,GB,MIN,9.01,12.65,23,0.392,1,2026-09-13 20:25,market good: Bovada+Underdog
TE,7,Juwan Johnson,NO,DET,8.95,8.32,17,0.526,1,2026-09-13 17:00,market good: Bovada+Underdog
TE,8,Kyle Pitts Sr.,ATL,PIT,8.94,9.81,21,0.426,1,2026-09-13 17:00,market good: Bovada+Underdog
TE,9,Travis Kelce,KC,DEN,8.63,9.13,15,0.575,1,2026-09-15 00:15,market good: Underdog
TE,10,Harold Fannin Jr.,CLE,JAC,8.25,9.4,20,0.412,1,2026-09-13 17:00,market good: Bovada+Underdog
TE,11,Mark Andrews,BAL,IND,8.17,6.29,14,0.584,1,2026-09-13 17:00,market good: Bovada+Underdog
TE,12,George Kittle,SF,LA,8.04,11.18,21,0.383,1,2026-09-11 00:35,market good: Bovada+Underdog
TE,13,Dalton Kincaid,BUF,HOU,7.9,9.59,16,0.494,1,2026-09-13 17:00,market good: Bovada+Underdog
TE,14,Brenton Strange,JAC,CLE,7.59,7.45,15,0.506,1,2026-09-13 17:00,market good: Bovada+Underdog
TE,15,Dallas Goedert,PHI,WAS,7.53,10.78,19,0.396,1,2026-09-13 20:25,market good: Bovada+Underdog
TE,16,Hunter Henry,NE,SEA,7.48,8.12,15,0.499,1,2026-09-10 00:20,market good: Bovada+Underdog
TE,17,Isaiah Likely,NYG,DAL,7.42,4.38,16,0.464,1,2026-09-14 00:20,market good: Bovada+Underdog
TE,18,Tyler Warren,IND,BAL,7.39,8.85,17,0.435,1,2026-09-13 17:00,market fair: Bovada+Underdog
TE,19,Jake Ferguson,DAL,NYG,6.55,8.65,14,0.468,1,2026-09-14 00:20,market good: Bovada+Underdog
TE,20,Cade Otton,TB,CIN,6.22,6.18,13,0.478,1,2026-09-13 17:00,market good: Bovada+Underdog
TE,21,T.J. Hockenson,MIN,GB,6.2,5.82,13,0.477,1,2026-09-13 20:25,market good: Bovada+Underdog
TE,22,Pat Freiermuth,PIT,ATL,6.07,5.96,12,0.506,1,2026-09-13 17:00,market good: Bovada+Underdog
TE,23,AJ Barner,SEA,NE,5.97,6.86,12,0.498,1,2026-09-10 00:20,market good: Bovada+Underdog
TE,24,Ja'Tavion Sanders,CAR,CHI,5.82,3.59,10,0.582,4,2026-09-13 17:00,market td-estimate: Bovada
TE,25,Chig Okonkwo,WAS,PHI,5.76,5.65,13,0.443,1,2026-09-13 20:25,market good: Bovada+Underdog
DEF,1,Seattle Seahawks,SEA,NE,6.84,0.0,19,0.36,1,2026-09-10 00:20,80% salary prior; zero/low FPPG
DEF,2,Houston Texans,HOU,BUF,6.48,0.0,18,0.36,1,2026-09-13 17:00,80% salary prior; zero/low FPPG
DEF,3,Jacksonville Jaguars,JAC,CLE,6.12,0.0,17,0.36,1,2026-09-13 17:00,80% salary prior; zero/low FPPG
DEF,4,Baltimore Ravens,BAL,IND,5.76,0.0,16,0.36,1,2026-09-13 17:00,80% salary prior; zero/low FPPG
DEF,5,Denver Broncos,DEN,KC,5.76,0.0,16,0.36,1,2026-09-15 00:15,80% salary prior; zero/low FPPG
DEF,6,Los Angeles Rams,LA,SF,5.76,0.0,16,0.36,1,2026-09-11 00:35,80% salary prior; zero/low FPPG
DEF,7,Minnesota Vikings,MIN,GB,5.76,0.0,16,0.36,1,2026-09-13 20:25,80% salary prior; zero/low FPPG
DEF,8,Atlanta Falcons,ATL,PIT,5.4,0.0,15,0.36,1,2026-09-13 17:00,80% salary prior; zero/low FPPG
DEF,9,Cleveland Browns,CLE,JAC,5.4,0.0,15,0.36,1,2026-09-13 17:00,80% salary prior; zero/low FPPG
DEF,10,Los Angeles Chargers,LAC,ARI,5.4,0.0,15,0.36,1,2026-09-13 20:25,80% salary prior; zero/low FPPG
DEF,11,New England Patriots,NE,SEA,5.4,0.0,15,0.36,1,2026-09-10 00:20,80% salary prior; zero/low FPPG
DEF,12,Pittsburgh Steelers,PIT,ATL,5.4,0.0,15,0.36,1,2026-09-13 17:00,80% salary prior; zero/low FPPG
DEF,13,New Orleans Saints,NO,DET,5.04,0.0,14,0.36,1,2026-09-13 17:00,80% salary prior; zero/low FPPG
DEF,14,Philadelphia Eagles,PHI,WAS,5.04,0.0,14,0.36,1,2026-09-13 20:25,80% salary prior; zero/low FPPG
DEF,15,Chicago Bears,CHI,CAR,4.68,0.0,13,0.36,1,2026-09-13 17:00,80% salary prior; zero/low FPPG
DEF,16,Detroit Lions,DET,NO,4.68,0.0,13,0.36,1,2026-09-13 17:00,80% salary prior; zero/low FPPG
DEF,17,Tennessee Titans,TEN,NYJ,4.68,0.0,13,0.36,1,2026-09-13 17:00,80% salary prior; zero/low FPPG
DEF,18,Buffalo Bills,BUF,HOU,4.32,0.0,12,0.36,1,2026-09-13 17:00,80% salary prior; zero/low FPPG
DEF,19,Dallas Cowboys,DAL,NYG,4.32,0.0,12,0.36,1,2026-09-14 00:20,80% salary prior; zero/low FPPG
DEF,20,Green Bay Packers,GB,MIN,4.32,0.0,12,0.36,1,2026-09-13 20:25,80% salary prior; zero/low FPPG
DEF,21,Kansas City Chiefs,KC,DEN,4.32,0.0,12,0.36,1,2026-09-15 00:15,80% salary prior; zero/low FPPG
DEF,22,Cincinnati Bengals,CIN,TB,3.96,0.0,11,0.36,1,2026-09-13 17:00,80% salary prior; zero/low FPPG
DEF,23,Las Vegas Raiders,LV,MIA,3.96,0.0,11,0.36,1,2026-09-13 20:25,80% salary prior; zero/low FPPG
DEF,24,Miami Dolphins,MIA,LV,3.96,0.0,11,0.36,1,2026-09-13 20:25,80% salary prior; zero/low FPPG
DEF,25,New York Giants,NYG,DAL,3.96,0.0,11,0.36,1,2026-09-14 00:20,80% salary prior; zero/low FPPG
