Position,Rank,Player,Team,Opponent,Estimated FP,Salary,FP / salary,Role,Role slot,Depth,Kickoff UTC,Projection method
QB,1,Josh Allen,BUF,NE,23.38,40,0.584,starter,QB QB,1,2026-10-04 17:00,Sleeper half-PPR projection (2026 week 4)
QB,2,Lamar Jackson,BAL,TEN,22.73,39,0.583,starter,QB QB,1,2026-10-04 17:00,Sleeper half-PPR projection (2026 week 4)
QB,3,Patrick Mahomes,KC,LV,21.13,37,0.571,starter,QB QB,1,2026-10-04 20:25,Sleeper half-PPR projection (2026 week 4)
QB,4,Trevor Lawrence,JAC,CIN,19.92,36,0.553,starter,QB QB,1,2026-10-04 17:00,Sleeper half-PPR projection (2026 week 4)
QB,5,Brock Purdy,SF,DEN,19.25,39,0.494,starter,QB QB,1,2026-10-04 20:25,Sleeper half-PPR projection (2026 week 4)
QB,6,Kyler Murray,MIN,MIA,19.22,23,0.836,starter,QB QB,1,2026-10-04 20:05,Sleeper half-PPR projection (2026 week 4)
QB,7,Joe Burrow,CIN,JAC,19.07,37,0.515,starter,QB QB,1,2026-10-04 17:00,Sleeper half-PPR projection (2026 week 4)
QB,8,Tyler Shough,NO,ATL,18.76,36,0.521,starter,QB QB,1,2026-10-06 00:15,Sleeper half-PPR projection (2026 week 4)
QB,9,Bryce Young,CAR,DET,18.45,33,0.559,starter,QB QB,1,2026-10-05 00:20,Sleeper half-PPR projection (2026 week 4)
QB,10,Dak Prescott,DAL,HOU,18.32,36,0.509,starter,QB QB,1,2026-10-04 17:00,Sleeper half-PPR projection (2026 week 4)
QB,11,Drake Maye,NE,BUF,18.06,27,0.669,starter,QB QB,1,2026-10-04 17:00,Sleeper half-PPR projection (2026 week 4)
QB,12,C.J. Stroud,HOU,DAL,18.02,29,0.621,starter,QB QB,1,2026-10-04 17:00,Sleeper half-PPR projection (2026 week 4)
QB,13,Bo Nix,DEN,SF,17.9,35,0.511,starter,QB QB,1,2026-10-04 20:25,Sleeper half-PPR projection (2026 week 4)
QB,14,Jordan Love,GB,TB,17.71,34,0.521,starter,QB QB,1,2026-10-04 17:00,Sleeper half-PPR projection (2026 week 4)
QB,15,Jared Goff,DET,CAR,17.57,35,0.502,starter,QB QB,1,2026-10-05 00:20,Sleeper half-PPR projection (2026 week 4)
QB,16,Jalen Hurts,PHI,LA,17.04,37,0.461,starter,QB QB,1,2026-10-04 17:00,Sleeper half-PPR projection (2026 week 4)
QB,17,Daniel Jones,IND,WAS,17.03,24,0.71,starter,QB QB,1,2026-10-04 13:30,Sleeper half-PPR projection (2026 week 4)
QB,18,Matthew Stafford,LA,PHI,16.86,32,0.527,starter,QB QB,1,2026-10-04 17:00,Sleeper half-PPR projection (2026 week 4)
QB,19,Sam Darnold,SEA,LAC,16.78,30,0.559,starter,QB QB,1,2026-10-04 20:25,Sleeper half-PPR projection (2026 week 4)
QB,20,Marcus Mariota,WAS,IND,16.76,25,0.67,starter,QB QB,1,2026-10-04 13:30,Sleeper half-PPR projection (2026 week 4)
QB,21,Jacoby Brissett,ARI,NYG,15.97,28,0.57,starter,QB QB,1,2026-10-04 17:00,Sleeper half-PPR projection (2026 week 4)
QB,22,Jameis Winston,NYG,ARI,15.86,20,0.793,starter,QB QB,1,2026-10-04 17:00,Sleeper half-PPR projection (2026 week 4)
QB,23,Deshaun Watson,CLE,PIT,15.69,26,0.603,starter,QB QB,1,2026-10-02 00:15,Sleeper half-PPR projection (2026 week 4)
QB,24,Kirk Cousins,LV,KC,15.37,26,0.591,starter,QB QB,1,2026-10-04 20:25,Sleeper half-PPR projection (2026 week 4)
QB,25,Tyson Bagent,CHI,NYJ,14.94,20,0.747,starter,QB QB,1,2026-10-04 17:00,Sleeper half-PPR projection (2026 week 4)
RB,1,Jahmyr Gibbs,DET,CAR,20.74,43,0.482,starter,RB RB,1,2026-10-05 00:20,Sleeper half-PPR projection (2026 week 4)
RB,2,Bijan Robinson,ATL,NO,19.62,40,0.491,starter,RB RB,1,2026-10-06 00:15,Sleeper half-PPR projection (2026 week 4)
RB,3,Jonathan Taylor,IND,WAS,19.35,37,0.523,starter,RB RB,1,2026-10-04 13:30,Sleeper half-PPR projection (2026 week 4)
RB,4,Derrick Henry,BAL,TEN,19.08,40,0.477,starter,RB RB,1,2026-10-04 17:00,Sleeper half-PPR projection (2026 week 4)
RB,5,Kenneth Walker III,KC,LV,16.8,39,0.431,starter,RB RB,1,2026-10-04 20:25,Sleeper half-PPR projection (2026 week 4)
RB,6,Chase Brown,CIN,JAC,16.36,28,0.584,starter,RB RB,1,2026-10-04 17:00,Sleeper half-PPR projection (2026 week 4)
RB,7,Christian McCaffrey,SF,DEN,16.31,38,0.429,starter,RB RB,1,2026-10-04 20:25,Sleeper half-PPR projection (2026 week 4)
RB,8,James Cook III,BUF,NE,15.9,35,0.454,starter,RB RB,1,2026-10-04 17:00,Sleeper half-PPR projection (2026 week 4)
RB,9,David Montgomery,HOU,DAL,15.88,25,0.635,starter,RB RB,1,2026-10-04 17:00,Sleeper half-PPR projection (2026 week 4)
RB,10,Chuba Hubbard,CAR,DET,14.92,29,0.514,starter,RB RB,1,2026-10-05 00:20,Sleeper half-PPR projection (2026 week 4)
RB,11,D'Andre Swift,CHI,NYJ,14.74,31,0.475,starter,RB RB,1,2026-10-04 17:00,Sleeper half-PPR projection (2026 week 4)
RB,12,Jeremiyah Love,ARI,NYG,14.42,28,0.515,starter,RB RB,1,2026-10-04 17:00,Sleeper half-PPR projection (2026 week 4)
RB,13,Ashton Jeanty,LV,KC,13.61,30,0.454,starter,RB RB,1,2026-10-04 20:25,Sleeper half-PPR projection (2026 week 4)
RB,14,Cam Skattebo,NYG,ARI,13.53,28,0.483,starter,RB RB,1,2026-10-04 17:00,Sleeper half-PPR projection (2026 week 4)
RB,15,Javonte Williams,DAL,HOU,13.39,31,0.432,starter,RB RB,1,2026-10-04 17:00,Sleeper half-PPR projection (2026 week 4)
RB,16,Jaylen Warren,PIT,CLE,13.37,27,0.495,starter,RB RB,1,2026-10-02 00:15,Sleeper half-PPR projection (2026 week 4)
RB,17,Saquon Barkley,PHI,LA,13.33,25,0.533,starter,RB RB,1,2026-10-04 17:00,Sleeper half-PPR projection (2026 week 4)
RB,18,Kyren Williams,LA,PHI,12.36,34,0.364,starter,RB RB,1,2026-10-04 17:00,Sleeper half-PPR projection (2026 week 4)
RB,19,Bucky Irving,TB,GB,12.31,26,0.473,starter,RB RB,1,2026-10-04 17:00,Sleeper half-PPR projection (2026 week 4)
RB,20,Bhayshul Tuten,JAC,CIN,12.2,24,0.508,starter,RB RB,1,2026-10-04 17:00,Sleeper half-PPR projection (2026 week 4)
RB,21,TreVeyon Henderson,NE,BUF,12.0,18,0.667,starter,RB RB,1,2026-10-04 17:00,Sleeper half-PPR projection (2026 week 4)
RB,22,Braelon Allen,NYJ,CHI,11.92,13,0.917,rotation,RB RB,2,2026-10-04 17:00,Sleeper half-PPR projection (2026 week 4)
RB,23,Jacory Croskey-Merritt,WAS,IND,11.81,17,0.695,starter,RB RB,1,2026-10-04 13:30,Sleeper half-PPR projection (2026 week 4)
RB,24,Aaron Jones Sr.,MIN,MIA,11.23,25,0.449,starter,RB RB,1,2026-10-04 20:05,Sleeper half-PPR projection (2026 week 4)
RB,25,Rhamondre Stevenson,NE,BUF,10.48,18,0.582,rotation,RB RB,2,2026-10-04 17:00,Sleeper half-PPR projection (2026 week 4)
WR,1,Jaxon Smith-Njigba,SEA,LAC,18.95,43,0.441,starter,WR LWR,1,2026-10-04 20:25,Sleeper half-PPR projection (2026 week 4)
WR,2,Zay Flowers,BAL,TEN,16.74,38,0.441,starter,WR SWR,1,2026-10-04 17:00,Sleeper half-PPR projection (2026 week 4)
WR,3,Chris Olave,NO,ATL,16.12,37,0.436,starter,WR RWR,1,2026-10-06 00:15,Sleeper half-PPR projection (2026 week 4)
WR,4,Puka Nacua,LA,PHI,15.81,33,0.479,rotation,WR RWR,4,2026-10-04 17:00,Sleeper half-PPR projection (2026 week 4)
WR,5,Nico Collins,HOU,DAL,15.58,30,0.519,rotation,WR LWR,4,2026-10-04 17:00,Sleeper half-PPR projection (2026 week 4)
WR,6,Amon-Ra St. Brown,DET,CAR,15.42,38,0.406,starter,WR SWR,1,2026-10-05 00:20,Sleeper half-PPR projection (2026 week 4)
WR,7,Ja'Marr Chase,CIN,JAC,15.32,38,0.403,starter,WR LWR,1,2026-10-04 17:00,Sleeper half-PPR projection (2026 week 4)
WR,8,CeeDee Lamb,DAL,HOU,14.42,35,0.412,starter,WR LWR,1,2026-10-04 17:00,Sleeper half-PPR projection (2026 week 4)
WR,9,Justin Jefferson,MIN,MIA,14.07,29,0.485,starter,WR LWR,1,2026-10-04 20:05,Sleeper half-PPR projection (2026 week 4)
WR,10,Drake London,ATL,NO,14.04,30,0.468,starter,WR LWR,1,2026-10-06 00:15,Sleeper half-PPR projection (2026 week 4)
WR,11,Parker Washington,JAC,CIN,13.99,32,0.437,starter,WR SWR,1,2026-10-04 17:00,Sleeper half-PPR projection (2026 week 4)
WR,12,Christian Watson,GB,TB,13.55,31,0.437,starter,WR LWR,1,2026-10-04 17:00,Sleeper half-PPR projection (2026 week 4)
WR,13,Garrett Wilson,NYJ,CHI,13.5,29,0.466,starter,WR LWR,1,2026-10-04 17:00,Sleeper half-PPR projection (2026 week 4)
WR,14,Tee Higgins,CIN,JAC,12.71,31,0.41,starter,WR RWR,2,2026-10-04 17:00,Sleeper half-PPR projection (2026 week 4)
WR,15,Jalen Coker,CAR,DET,12.01,22,0.546,starter,WR SWR,1,2026-10-05 00:20,Sleeper half-PPR projection (2026 week 4)
WR,16,Rashee Rice,KC,LV,12.0,30,0.4,starter,WR SWR,1,2026-10-04 20:25,Sleeper half-PPR projection (2026 week 4)
WR,17,Michael Wilson,ARI,NYG,11.69,22,0.531,starter,WR RWR,1,2026-10-04 17:00,Sleeper half-PPR projection (2026 week 4)
WR,18,Tetairoa McMillan,CAR,DET,11.5,23,0.5,starter,WR LWR,2,2026-10-05 00:20,Sleeper half-PPR projection (2026 week 4)
WR,19,George Pickens,DAL,HOU,11.43,23,0.497,starter,WR RWR,2,2026-10-04 17:00,Sleeper half-PPR projection (2026 week 4)
WR,20,Mike Evans,SF,DEN,11.29,25,0.452,starter,WR LWR,1,2026-10-04 20:25,Sleeper half-PPR projection (2026 week 4)
WR,21,Malik Nabers,NYG,ARI,11.23,21,0.535,starter,WR LWR,1,2026-10-04 17:00,Sleeper half-PPR projection (2026 week 4)
WR,22,DeVonta Smith,PHI,LA,10.99,27,0.407,starter,WR LWR,1,2026-10-04 17:00,Sleeper half-PPR projection (2026 week 4)
WR,23,DJ Moore,BUF,NE,10.99,24,0.458,starter,WR LWR,1,2026-10-04 17:00,Sleeper half-PPR projection (2026 week 4)
WR,24,Ladd McConkey,LAC,SEA,10.49,21,0.5,starter,WR SWR,1,2026-10-04 20:25,Sleeper half-PPR projection (2026 week 4)
WR,25,Josh Downs,IND,WAS,10.36,19,0.545,starter,WR SWR,1,2026-10-04 13:30,Sleeper half-PPR projection (2026 week 4)
TE,1,Trey McBride,ARI,NYG,13.76,27,0.51,starter,TE TE,1,2026-10-04 17:00,Sleeper half-PPR projection (2026 week 4)
TE,2,Brock Bowers,LV,KC,12.52,26,0.482,starter,TE TE,1,2026-10-04 20:25,Sleeper half-PPR projection (2026 week 4)
TE,3,Dalton Kincaid,BUF,NE,10.42,20,0.521,starter,TE TE,1,2026-10-04 17:00,Sleeper half-PPR projection (2026 week 4)
TE,4,Harold Fannin Jr.,CLE,PIT,9.76,19,0.514,starter,TE TE,1,2026-10-02 00:15,Sleeper half-PPR projection (2026 week 4)
TE,5,Juwan Johnson,NO,ATL,9.63,20,0.482,starter,TE TE,1,2026-10-06 00:15,Sleeper half-PPR projection (2026 week 4)
TE,6,Travis Kelce,KC,LV,9.4,25,0.376,starter,TE TE,1,2026-10-04 20:25,Sleeper half-PPR projection (2026 week 4)
TE,7,George Kittle,SF,DEN,9.28,23,0.403,starter,TE TE,1,2026-10-04 20:25,Sleeper half-PPR projection (2026 week 4)
TE,8,Tyler Warren,IND,WAS,9.2,19,0.484,starter,TE TE,1,2026-10-04 13:30,Sleeper half-PPR projection (2026 week 4)
TE,9,Tucker Kraft,GB,TB,8.84,15,0.589,starter,TE TE,1,2026-10-04 17:00,Sleeper half-PPR projection (2026 week 4)
TE,10,Sam LaPorta,DET,CAR,8.73,18,0.485,starter,TE TE,1,2026-10-05 00:20,Sleeper half-PPR projection (2026 week 4)
TE,11,Kyle Pitts Sr.,ATL,NO,8.73,10,0.873,starter,TE TE,1,2026-10-06 00:15,Sleeper half-PPR projection (2026 week 4)
TE,12,Colston Loveland,CHI,NYJ,8.54,14,0.61,starter,TE TE,1,2026-10-04 17:00,Sleeper half-PPR projection (2026 week 4)
TE,13,Dalton Schultz,HOU,DAL,8.24,16,0.515,starter,TE TE,1,2026-10-04 17:00,Sleeper half-PPR projection (2026 week 4)
TE,14,Isaiah Likely,NYG,ARI,8.15,18,0.453,starter,TE TE,1,2026-10-04 17:00,Sleeper half-PPR projection (2026 week 4)
TE,15,Kenyon Sadiq,NYJ,CHI,7.68,17,0.452,starter,TE TE,1,2026-10-04 17:00,Sleeper half-PPR projection (2026 week 4)
TE,16,Brenton Strange,JAC,CIN,7.66,14,0.547,starter,TE TE,1,2026-10-04 17:00,Sleeper half-PPR projection (2026 week 4)
TE,17,Jake Ferguson,DAL,HOU,7.62,17,0.448,starter,TE TE,1,2026-10-04 17:00,Sleeper half-PPR projection (2026 week 4)
TE,18,AJ Barner,SEA,LAC,7.61,15,0.507,starter,TE TE,1,2026-10-04 20:25,Sleeper half-PPR projection (2026 week 4)
TE,19,Darren Waller,CAR,DET,7.35,16,0.459,starter,TE TE,1,2026-10-05 00:20,Sleeper half-PPR projection (2026 week 4)
TE,20,Hunter Henry,NE,BUF,7.26,13,0.558,starter,TE TE,1,2026-10-04 17:00,Sleeper half-PPR projection (2026 week 4)
TE,21,Mark Andrews,BAL,TEN,7.22,15,0.481,starter,TE TE,1,2026-10-04 17:00,Sleeper half-PPR projection (2026 week 4)
TE,22,T.J. Hockenson,MIN,MIA,6.94,11,0.631,starter,TE TE,1,2026-10-04 20:05,Sleeper half-PPR projection (2026 week 4)
TE,23,Mike Gesicki,CIN,JAC,6.44,13,0.495,starter,TE TE,1,2026-10-04 17:00,Sleeper half-PPR projection (2026 week 4)
TE,24,Chig Okonkwo,WAS,IND,6.42,10,0.642,reserve,TE TE,4,2026-10-04 13:30,Sleeper half-PPR projection (2026 week 4)
TE,25,Pat Freiermuth,PIT,CLE,6.39,12,0.532,starter,TE TE,1,2026-10-02 00:15,Sleeper half-PPR projection (2026 week 4)
DEF,1,Minnesota Vikings,MIN,MIA,12.72,21,0.606,starter,,1,2026-10-04 20:05,Sleeper half-PPR projection (2026 week 4)
DEF,2,Baltimore Ravens,BAL,TEN,9.74,12,0.812,starter,,1,2026-10-04 17:00,Sleeper half-PPR projection (2026 week 4)
DEF,3,Seattle Seahawks,SEA,LAC,8.76,16,0.548,starter,,1,2026-10-04 20:25,Sleeper half-PPR projection (2026 week 4)
DEF,4,Pittsburgh Steelers,PIT,CLE,8.66,17,0.509,starter,,1,2026-10-02 00:15,Sleeper half-PPR projection (2026 week 4)
DEF,5,Chicago Bears,CHI,NYJ,8.57,15,0.571,starter,,1,2026-10-04 17:00,Sleeper half-PPR projection (2026 week 4)
DEF,6,Green Bay Packers,GB,TB,8.44,10,0.844,starter,,1,2026-10-04 17:00,Sleeper half-PPR projection (2026 week 4)
DEF,7,Cleveland Browns,CLE,PIT,7.94,12,0.662,starter,,1,2026-10-02 00:15,Sleeper half-PPR projection (2026 week 4)
DEF,8,Los Angeles Rams,LA,PHI,7.64,12,0.637,starter,,1,2026-10-04 17:00,Sleeper half-PPR projection (2026 week 4)
DEF,9,Kansas City Chiefs,KC,LV,7.48,16,0.468,starter,,1,2026-10-04 20:25,Sleeper half-PPR projection (2026 week 4)
DEF,10,Buffalo Bills,BUF,NE,7.43,13,0.572,starter,,1,2026-10-04 17:00,Sleeper half-PPR projection (2026 week 4)
DEF,11,New Orleans Saints,NO,ATL,6.88,10,0.688,starter,,1,2026-10-06 00:15,Sleeper half-PPR projection (2026 week 4)
DEF,12,New York Giants,NYG,ARI,6.87,13,0.528,starter,,1,2026-10-04 17:00,Sleeper half-PPR projection (2026 week 4)
DEF,13,San Francisco 49ers,SF,DEN,6.75,14,0.482,starter,,1,2026-10-04 20:25,Sleeper half-PPR projection (2026 week 4)
DEF,14,Indianapolis Colts,IND,WAS,6.7,10,0.67,starter,,1,2026-10-04 13:30,Sleeper half-PPR projection (2026 week 4)
DEF,15,Houston Texans,HOU,DAL,6.68,14,0.477,starter,,1,2026-10-04 17:00,Sleeper half-PPR projection (2026 week 4)
DEF,16,Detroit Lions,DET,CAR,6.5,13,0.5,starter,,1,2026-10-05 00:20,Sleeper half-PPR projection (2026 week 4)
DEF,17,Cincinnati Bengals,CIN,JAC,6.43,17,0.378,starter,,1,2026-10-04 17:00,Sleeper half-PPR projection (2026 week 4)
DEF,18,Tampa Bay Buccaneers,TB,GB,6.42,14,0.459,starter,,1,2026-10-04 17:00,Sleeper half-PPR projection (2026 week 4)
DEF,19,Arizona Cardinals,ARI,NYG,6.34,11,0.576,starter,,1,2026-10-04 17:00,Sleeper half-PPR projection (2026 week 4)
DEF,20,Atlanta Falcons,ATL,NO,6.32,11,0.575,starter,,1,2026-10-06 00:15,Sleeper half-PPR projection (2026 week 4)
DEF,21,Dallas Cowboys,DAL,HOU,6.29,10,0.629,starter,,1,2026-10-04 17:00,Sleeper half-PPR projection (2026 week 4)
DEF,22,Philadelphia Eagles,PHI,LA,6.27,13,0.482,starter,,1,2026-10-04 17:00,Sleeper half-PPR projection (2026 week 4)
DEF,23,Jacksonville Jaguars,JAC,CIN,6.21,17,0.365,starter,,1,2026-10-04 17:00,Sleeper half-PPR projection (2026 week 4)
DEF,24,Washington Commanders,WAS,IND,6.14,11,0.558,starter,,1,2026-10-04 13:30,Sleeper half-PPR projection (2026 week 4)
DEF,25,Denver Broncos,DEN,SF,6.11,18,0.339,starter,,1,2026-10-04 20:25,Sleeper half-PPR projection (2026 week 4)
